StageTemperatureSum1,101.65087570343752
StageTemperatureSum2,429.06597093222234
