StageTemperatureSum1,83.442123896301098
StageTemperatureSum2,476.79159524577801
