StageTemperatureSum1,83.452890334928568
StageTemperatureSum2,476.76961492480814
